Title,URL,Last Updated
Create a UK catch certificate,https://www.gov.uk/guidance/create-a-uk-catch-certificate,02-Jul-25
Do I need a marine licence?,https://www.gov.uk/guidance/do-i-need-a-marine-licence,06-Nov-25
EU IUU Regulation Changes 2026: Catch Certificate & other documentation updates,https://www.gov.uk/guidance/eu-iuu-regulation-2026-changes,30-Oct-25
Fisheries and Seafood Scheme,https://www.gov.uk/guidance/fisheries-and-seafood-scheme,11-Jun-25
Create a UK processing statement,https://www.gov.uk/guidance/create-a-uk-processing-statement,15-Apr-25
United Kingdom Single Issuing Authority (UKSIA),https://www.gov.uk/guidance/united-kingdom-single-issuing-authority-uksia,07-Nov-25
Make a marine licence application,https://www.gov.uk/guidance/make-a-marine-licence-application,28-Nov-24
Marine licensing: Information you may need to supply to support your marine licence application,https://www.gov.uk/guidance/marine-licensing-impact-assessments,27-Jan-25
Marine Protected Areas (MPAs),https://www.gov.uk/guidance/marine-protected-areas-mpas,13-Mar-23
Bluefin tuna in the UK,https://www.gov.uk/guidance/bluefin-tuna-in-the-uk,28-Mar-24
How to arrange a burial at sea in the UK marine area,https://www.gov.uk/guidance/how-to-get-a-licence-for-a-burial-at-sea-in-england,19-Feb-24
Understand your fishing vessel licence,https://www.gov.uk/guidance/understand-your-fishing-vessel-licence,17-Oct-25
Marine licensing: Definitions,https://www.gov.uk/guidance/marine-licensing-definitions,27-Jan-25
Exporting or moving fish from the UK,https://www.gov.uk/guidance/exporting-or-moving-fish-from-the-uk,11-Jun-25
Record your catch,https://www.gov.uk/guidance/record-your-catch,09-Oct-25
Contact MMO,https://www.gov.uk/guidance/contact-mmo,02-Jun-25
Explore marine plans,https://www.gov.uk/guidance/explore-marine-plans,28-Nov-24
Submitting Objections/Representations to Harbour Orders,https://www.gov.uk/guidance/submitting-objectionsrepresentations-to-harbour-orders,25-Sep-25
Bluefin tuna (BFT) commercial fishery within UK waters,https://www.gov.uk/guidance/bluefin-tuna-bft-commercial-fishery-within-uk-waters,13-May-25
Marine licensing: Sediment Analysis,https://www.gov.uk/guidance/marine-licensing-sediment-analysis-and-sample-plans,27-Jan-25
Current catch limits: 10 metres and under non-sector pool,https://www.gov.uk/government/publications/current-catch-limits-10-metres-and-under-pool,17-Oct-25
Marine licensing exempted activities,https://www.gov.uk/government/publications/marine-licensing-exempted-activities,28-Nov-24
Harbour Orders,https://www.gov.uk/guidance/harbour-orders,28-Nov-24
Create a UK storage document,https://www.gov.uk/guidance/create-a-uk-storage-document,15-Apr-25
Fishing regulations: The Blue Book,https://www.gov.uk/guidance/fishing-regulations-the-blue-book,30-Jul-25
The Blue Belt Programme,https://www.gov.uk/guidance/the-blue-belt-programme,22-Jul-25
Minimum fish landing sizes,https://www.gov.uk/government/publications/minimum-conservation-reference-sizes-mcrs,14-Feb-25
Dredging,https://www.gov.uk/guidance/dredging,30-May-19
Bluefin tuna (BFT) fisheries in 2025,https://www.gov.uk/guidance/bluefin-tuna-bft-fisheries-in-2025,08-May-25
Bass industry guidance 2025,https://www.gov.uk/government/publications/bass-industry-guidance-2025,10-Oct-25
Get a domestic fishing vessel licence: 10 metres or under,https://www.gov.uk/guidance/get-a-fishing-vessel-licence-vessels-10-metres-or-under,13-May-25
Fishing vessel licence variations,https://www.gov.uk/government/publications/fishing-vessel-licence-variations,17-Oct-25
Plans for the 2025 Bluefin tuna (BFT) catch and release recreational fisheries (CRRF) within UK waters,https://www.gov.uk/guidance/plans-for-the-2025-bluefin-tuna-bft-catch-and-release-recreational-fisheries-crrf-within-uk-waters,21-Jul-25
The marine licence application timeline,https://www.gov.uk/guidance/the-marine-licence-application-timeline,28-Nov-24
Deposits,https://www.gov.uk/guidance/deposits,30-May-19
Buyers and sellers of first-sale fish and submission of sales notes,https://www.gov.uk/government/publications/buyers-and-sellers-of-first-sale-fish-and-submission-of-sales-notes,22-Sep-25
Self-service marine licensing,https://www.gov.uk/government/publications/self-service-marine-licensing,28-Nov-24
Marine licensing: fees,https://www.gov.uk/government/publications/marine-licensing-fees,01-Apr-25
"Construction, alteration or improvement of works",https://www.gov.uk/guidance/construction-alteration-or-improvement-of-works,30-May-19
Fishing vessel licence types,https://www.gov.uk/guidance/fishing-vessel-licence-types,08-Jan-25
Marine species & wildlife: protection,https://www.gov.uk/government/publications/protected-marine-species,17-Jun-25
The South West Marine Plans Documents,https://www.gov.uk/government/publications/the-south-west-marine-plans-documents,23-Jun-21
2024 UK and foreign vessels landings by UK port and UK vessel landings abroad: provisional data,https://www.gov.uk/government/publications/uk-and-foreign-vessels-landings-by-uk-port-and-uk-vessel-landings-abroad-provisional-data-2024,31-Jan-25
2025 UK and foreign vessels landings by UK port and UK vessel landings abroad: provisional data,https://www.gov.uk/government/publications/2025-uk-and-foreign-vessels-landings-by-uk-port-and-uk-vessel-landings-abroad-provisional-data,31-Oct-25
Removal of any substance or object,https://www.gov.uk/guidance/removal-of-any-substance-or-object,30-May-19
Understand and apply for marine wildlife licences and report an incident,https://www.gov.uk/guidance/understand-marine-wildlife-licences-and-report-an-incident,02-Mar-21
Fishing vessel licence requirements,https://www.gov.uk/guidance/do-i-need-a-fishing-vessel-licence,08-Jan-25
Data Collection Framework,https://www.gov.uk/guidance/data-collection-framework,02-Oct-25
A coastal concordat for England,https://www.gov.uk/government/publications/a-coastal-concordat-for-england,23-Jun-21
Marine plan areas in England,https://www.gov.uk/government/publications/marine-plan-areas-in-england,11-Jun-14
Oil Spills at Sea,https://www.gov.uk/guidance/clean-an-oil-spill-at-sea-and-get-oil-spill-treatments-approved,26-Feb-25
East Inshore and Offshore Marine Plan Areas - Statement of Public Participation,https://www.gov.uk/government/publications/east-inshore-and-offshore-marine-plan-areas-statement-of-public-participation,27-Oct-25
"Marking of fishing gear, retrieval and notification of lost gear",https://www.gov.uk/guidance/marking-of-fishing-gear-retrieval-and-notification-of-lost-gear,24-Jun-16
East Marine Plans,https://www.gov.uk/government/publications/east-inshore-and-east-offshore-marine-plans,20-Sep-22
"Moorings, consents and advice",https://www.gov.uk/guidance/moorings-consents-and-advice,26-Feb-25
The North East Marine Plans Documents,https://www.gov.uk/government/publications/the-north-east-marine-plans-documents,23-Jun-21
Brighton Marina Dredge and Disposal,https://www.gov.uk/guidance/brighton-marina-dredge-and-disposal,07-Nov-25
Inshore Vessel Monitoring System (I-VMS) devices for under-12 metre fishing vessels registered in England,https://www.gov.uk/guidance/inshore-vessel-monitoring-i-vms-for-under-12m-fishing-vessels-registered-in-england,25-Sep-25
Understand MMO marine conservation byelaws,https://www.gov.uk/guidance/marine-conservation-byelaws,17-Jan-23
Maritime and Fisheries Fund (MFF): apply for funding,https://www.gov.uk/guidance/maritime-and-fisheries-fund-mff-apply-for-funding,22-Feb-21
Protection of common sturgeon: advice for fishermen,https://www.gov.uk/guidance/protection-of-common-sturgeon-advice-for-fishermen,16-Jan-17
Regional Fisheries Groups – South West 7efg,https://www.gov.uk/guidance/regional-fisheries-groups-south-west-7efg,31-Oct-25
Current catch limits: over 10 metre non-sector pool,https://www.gov.uk/government/publications/current-catch-limits-over-10-metre-non-sector-pool,17-Oct-25
Evidence and the Marine Management Organisation (MMO),https://www.gov.uk/government/publications/evidence-and-the-marine-management-organisation-mmo,22-Oct-25
Fishing offences: fines and payment,https://www.gov.uk/government/publications/fishing-offences-financial-administrative-penalties,30-Nov-22
Marine licensing: Standardisation of Post-Consent Environmental Monitoring for Wind Farms in English Waters,https://www.gov.uk/government/publications/marine-licensing-standardisation-of-post-consent-environmental-monitoring-for-wind-farms-in-english-waters,16-Jul-25
Accelerated licensing for dredging,https://www.gov.uk/guidance/fast-track-and-accelerated-licensing,28-Nov-24
I-VMS - Frequently asked questions,https://www.gov.uk/guidance/i-vms-frequently-asked-questions,12-May-25
Understand fisheries catch limits and closed fishing areas,https://www.gov.uk/guidance/understand-fisheries-catch-limits-and-closed-fishing-areas,23-Jul-15
Harbour Porpoise Bycatch Management Options,https://www.gov.uk/government/publications/harbour-porpoise-bycatch-management-options,11-Jul-25
Marine licensing guidance for recreational divers,https://www.gov.uk/government/publications/marine-licensing-guidance-for-recreational-divers,06-Jan-21
The South Marine plans documents,https://www.gov.uk/government/publications/the-south-marine-plans-documents,20-Sep-22
UK and England quota management rules,https://www.gov.uk/government/publications/uk-and-england-quota-management-rules,17-Sep-24
"Fishing data collection, coverage, processing and revisions",https://www.gov.uk/guidance/fishing-activity-and-landings-data-collection-and-processing,29-Jan-21
Regional Fisheries Groups,https://www.gov.uk/guidance/regional-fisheries-groups,31-Dec-24
The Dogger Bank Special Area of Conservation (Specified Area) Bottom Towed Fishing Gear Byelaw 2022,https://www.gov.uk/government/publications/the-dogger-bank-special-area-of-conservation-specified-area-bottom-towed-fishing-gear-byelaw-2022,13-Apr-22
The South East Marine Plan Documents,https://www.gov.uk/government/publications/the-south-east-marine-plan-documents,23-Jun-21
Have your say and help MMO improve the Marine Planning and Licensing Service,https://www.gov.uk/guidance/have-your-say-and-help-mmo-improve-the-marine-planning-and-licensing-service,23-May-25
Manage your fishing effort: Western Waters crabs and scallops,https://www.gov.uk/guidance/manage-your-fishing-effort-western-waters-crabs,13-Oct-25
Fisheries and Seafood Scheme Guidance,https://www.gov.uk/government/publications/fisheries-and-seafood-scheme-guidance,11-Jun-25
How to report fishing activities using an electronic logbook software system,https://www.gov.uk/government/publications/how-to-report-fishing-activities-using-an-electronic-logbook-software-system,05-Aug-25
Stage 3 Impacts Evidence,https://www.gov.uk/government/publications/stage-3-impacts-evidence,09-Jun-25
The Western Channel and Southwest Marine Protected Areas Fishing Gear Byelaw 2024,https://www.gov.uk/government/publications/the-western-channel-and-southwest-marine-protected-areas-fishing-gear-byelaw-2024,19-Sep-25
Get a domestic fishing vessel licence: over 10 metres,https://www.gov.uk/guidance/get-a-fishing-vessel-licence-vessels-over-10-metres,13-May-25
Guidance to help you successfully complete a marine licence application,https://www.gov.uk/guidance/guidance-to-help-you-successfully-complete-a-marine-licence-application,28-Nov-24
Marine Mammal Reporting Requirements,https://www.gov.uk/guidance/marine-mammal-reporting-requirements,30-Jan-25
Marine planning and development,https://www.gov.uk/guidance/marine-plans-development,22-Jun-21
Perform a marine seismic or geophysical survey,https://www.gov.uk/guidance/perform-a-marine-seismic-or-geophysical-survey,05-Jan-22
Technical Conservation and Landing Obligation rules and regulations 2025,https://www.gov.uk/guidance/technical-conservation-and-landing-obligation-rules-and-regulations-2025,24-Feb-25
Fisheries Response Fund - support for fishing and aquaculture businesses,https://www.gov.uk/government/publications/fisheries-response-fund-support-for-fishing-and-aquaculture-businesses,06-May-20
Managing marine non-licensable activities in marine protected areas,https://www.gov.uk/government/publications/managing-marine-non-licensable-activities-in-marine-protected-areas,01-Jun-22
Managing marine non-licensable activity in Studland Bay Marine Conservation Zone,https://www.gov.uk/government/publications/managing-marine-non-licensable-activities-studland-bay-next-steps,05-Jun-23
Get an oil spill treatment product approved,https://www.gov.uk/guidance/get-an-oil-spill-treatment-product-approved,26-Feb-25
Seafood Response Fund,https://www.gov.uk/guidance/seafood-response-fund,30-Mar-21
EU IUU Regulation 2026 Changes - Guidance,https://www.gov.uk/government/publications/eu-iuu-regulation-2026-changes-guidance,13-Oct-25
Marine licensing: physical and chemical determinands for sediment sampling,https://www.gov.uk/government/publications/marine-licensing-physical-and-chemical-determinands-for-sediment-sampling,28-Nov-24
Stage 4 Marine Protected Areas Interactive Maps,https://www.gov.uk/government/publications/stage-4-marine-protected-areas-interactive-maps,11-Jul-25
UK Sea Fisheries Statistics: Catch Recording Data Statistical Quality Assessment,https://www.gov.uk/government/publications/uk-sea-fisheries-statistics-catch-recording-data-statistical-quality-assessment,09-Oct-25
Celtic Sea and Western Channel demersal Fisheries Management Plan (FMP) development,https://www.gov.uk/guidance/celtic-sea-and-western-channel-demersal-fisheries-management-plan-fmp,22-Apr-25
How we respond to marine pollution incidents,https://www.gov.uk/guidance/how-we-respond-to-marine-pollution-incidents,31-Jul-18
Manage and lease fishing quota,https://www.gov.uk/guidance/manage-and-lease-fishing-quota,14-Jan-20
Marine licensing applications: when decisions can go to government ministers,https://www.gov.uk/guidance/marine-licensing-applications-when-decisions-can-go-to-government-ministers,12-Oct-15
Approved oil spill treatment products,https://www.gov.uk/government/publications/approved-oil-spill-treatment-products,31-Jul-25
Automatic Identification System (AIS) for fishing vessels,https://www.gov.uk/government/publications/automatic-identification-system-ais-for-fishing-vessels,12-Aug-14
Compliance and Enforcement Strategy,https://www.gov.uk/government/publications/compliance-and-enforcement-strategy,02-Jun-20
Marine protected areas Stage 3 interactive maps,https://www.gov.uk/government/publications/marine-protected-areas-stage-3-interactive-map,09-Jun-25
Public Inquiry – Port of London Harbour Revision Order application,https://www.gov.uk/government/publications/public-inquiry-port-of-london-harbour-revision-order-application,19-Dec-24
Revised approach to the management of commercial fisheries in European Marine Sites: overarching policy and delivery,https://www.gov.uk/government/publications/revised-approach-to-the-management-of-commercial-fisheries-in-european-marine-sites-overarching-policy-and-delivery,21-Aug-14
Technical Conservation and Landing Obligation rules and regulations from 2022 onwards,https://www.gov.uk/government/publications/technical-conservation-and-landing-obligation-rules-and-regulations-2022,13-Dec-24
The North Sea Marine Protected Areas Fishing Gear Byelaw 2024,https://www.gov.uk/government/publications/the-north-sea-marine-protected-areas-fishing-gear-byelaw-2024,09-Jun-25
Harbour Revision Orders (HRO) (non-works),https://www.gov.uk/guidance/harbour-revision-orders-hro-non-works,16-Dec-21
List of I-VMS type-approved devices for under-12 metre English vessels,https://www.gov.uk/guidance/list-of-i-vms-type-approved-devices-for-under-12-metre-english-vessels,12-May-25
Reduce dolphin and porpoise by-catch,https://www.gov.uk/guidance/reduce-dolphin-and-porpoise-by-catch-comply-with-regulations,25-Mar-22
Regional Fisheries Group - Meet the Team,https://www.gov.uk/guidance/regional-fisheries-group-meet-the-team,09-Jan-25
UK Seafood Fund: Infrastructure Scheme,https://www.gov.uk/guidance/uk-seafood-fund-infrastructure-scheme,03-Sep-24
Designated UK ports,https://www.gov.uk/government/publications/designated-ports,11-Jul-25
East Marine Plan Scoping Report,https://www.gov.uk/government/publications/east-marine-plan-scoping-report,09-Apr-25
"How to trace, weigh and distribute fish products",https://www.gov.uk/government/publications/how-to-trace-weigh-and-distribute-fish-products,05-Nov-25
Marine Protected Areas Bottom Towed Fishing Gear Byelaw 2023,https://www.gov.uk/government/publications/marine-protected-areas-bottom-towed-fishing-gear-byelaw-2023,01-Feb-24
The Canyons Marine Conservation Zone (Specified Area) Prohibited Fishing Gears Byelaw 2022,https://www.gov.uk/government/publications/the-canyons-marine-conservation-zone-specified-area-prohibited-fishing-gears-byelaw-2022,13-Apr-22
Using Marine Plans,https://www.gov.uk/government/publications/using-marine-plans,06-May-25
I-VMS licence condition requirements for under-12 metre fishing vessels registered in England,https://www.gov.uk/guidance/i-vms-licence-condition-requirements-for-under-12-metre-fishing-vessels-registered-in-england,25-Sep-25
"Submission of paper logbooks and landing declaration data, for commercial fishing vessels of 10-12 metres length",https://www.gov.uk/guidance/submission-of-paper-logbooks-and-landing-declaration-data-for-commercial-fishing-vessels-of-10-12-metres-length,05-Nov-24
UK Northern Albacore Tuna Fishery 2025 - Expression of Interest Guidance,https://www.gov.uk/guidance/uk-northern-albacore-tuna-fishery-2025-expression-of-interest-guidance,05-Mar-25
Marine Plans: three-year reports,https://www.gov.uk/guidance/marine-plans-three-year-reports,01-Jul-25
Cleaning of slipways and harbour infrastructure,https://www.gov.uk/government/publications/cleaning-of-slipways-and-harbour-infrastructure,06-May-15
Fisheries in European marine sites: Fishing gears,https://www.gov.uk/government/publications/fisheries-in-european-marine-sites-fishing-gears,11-Jun-14
Marine protected areas - Stage 4 impacts evidence,https://www.gov.uk/government/publications/marine-protected-areas-stage-4-impacts-evidence,05-Dec-23
MMO2030 Strategic Plan,https://www.gov.uk/government/publications/mmo2030-strategic-plan,27-Jul-23
Technical Conservation and Landing Obligation rules and regulations 2020,https://www.gov.uk/government/publications/technical-conservation-and-landing-obligation-rules-and-regulations-2020,23-Mar-20
The Eastern Channel Marine Protected Areas Fishing Gear Byelaw 2024,https://www.gov.uk/government/publications/the-eastern-channel-marine-protected-areas-fishing-gear-byelaw-2024,09-Jun-25
The Irish Sea Marine Protected Areas Fishing Gear Byelaw 2024,https://www.gov.uk/government/publications/the-irish-sea-marine-protected-areas-fishing-gear-byelaw-2024,19-Jun-25
Undulate Ray commercial bycatch,https://www.gov.uk/government/publications/undulate-ray-commercial-bycatch,29-Dec-15
Christmas and New Year opening schedule 2019,https://www.gov.uk/guidance/christmas-and-new-year-opening-schedule-2019,20-Dec-19
Fisheries and Seafood Scheme – Guidance for pollack fishers,https://www.gov.uk/guidance/fisheries-and-seafood-scheme-guidance-for-pollock-fishers,10-Jun-24
Generating energy offshore,https://www.gov.uk/guidance/generating-energy-offshore,18-Sep-14
Apply to lay cables,https://www.gov.uk/guidance/marine-licensing-cables,06-Jan-21
Plans for the 2024 Bluefin tuna (BFT) catch and release recreational fisheries,https://www.gov.uk/guidance/plans-for-the-2024-bluefin-tuna-bft-catch-and-release-recreational-fisheries,21-Jul-25
Regional Fisheries Groups - South 7d,https://www.gov.uk/guidance/regional-fisheries-groups-south-7d,11-Oct-24
Economic Link,https://www.gov.uk/government/publications/economic-link,18-Mar-25
European Maritime & Fisheries Fund (EMFF): I-VMS,https://www.gov.uk/government/publications/european-maritime-fisheries-fund-emff-i-vms,22-Jul-25
How to use oil spill treatment products and equipment,https://www.gov.uk/government/publications/how-to-use-oil-spill-treatment-products-and-equipment,29-Apr-15
Landing Obligation 2019 - Rules and regulations,https://www.gov.uk/government/publications/landing-obligation-2019-rules-and-regulations,02-Dec-19
Technical Conservation and Landing Obligation rules and regulations 2021,https://www.gov.uk/government/publications/technical-conservation-and-landing-obligation-rules-and-regulations-2021,21-Jul-21
The Margate and Long Sands European Marine Site (Specified Areas) Bottom Towed Fishing Gear Byelaw 2017,https://www.gov.uk/government/publications/the-margate-and-long-sands-european-marine-site-specified-areas-bottom-towed-fishing-gear-byelaw,27-Feb-18
The North West Marine Plans Documents,https://www.gov.uk/government/publications/the-north-west-marine-plans-documents,23-Jun-21
Apply for a scientific research dispensation,https://www.gov.uk/guidance/apply-for-a-scientific-research-dispensation,09-Aug-22
Apply for and register your vessel monitoring system device,https://www.gov.uk/guidance/apply-for-and-register-your-vessel-monitoring-system-device,11-Jun-14
Consultation,https://www.gov.uk/guidance/consultation,16-Dec-21
Mandatory pre-application process (for works Orders only),https://www.gov.uk/guidance/mandatory-pre-application-process-for-works-orders-only,16-Dec-21
Supply aquariums and zoos with marine species,https://www.gov.uk/guidance/supply-aquariums-and-zoos-with-marine-species,01-Jan-21
Fish Producer Organisation (PO) annual report,https://www.gov.uk/government/publications/fish-producer-organisation-po-annual-report,03-Sep-25
Fish Producer Organisation (PO) compliance and enforcement,https://www.gov.uk/government/publications/fish-producer-organisation-po-compliance-and-enforcement,03-Sep-25
How to manually report electronic logbook reports (e-logs),https://www.gov.uk/government/publications/how-to-manually-report-electronic-logbook-reports,05-Apr-17
Manage your fishing effort: Cod in ICES area VIId,https://www.gov.uk/government/publications/manage-your-fishing-effort-cod-in-ices-area-viid,15-Dec-21
Manage your fishing effort: Sole Recovery Zone 2025 to 2026,https://www.gov.uk/government/publications/manage-your-fishing-effort-sole-recovery-zone,13-Feb-25
Quota Leasing Scheme - August 2024,https://www.gov.uk/government/publications/quota-leasing-scheme-august-2024,13-Aug-24
"Recovery of abandoned, lost and discarded fishing gear",https://www.gov.uk/government/publications/recovery-of-abandoned-lost-and-discarded-fishing-gear,17-Apr-18
Stage 3 Site Assessments,https://www.gov.uk/government/publications/stage-3-site-assessments,09-Jun-25
Thames concordat: working with the Port of London Authority,https://www.gov.uk/government/publications/thames-concordat-working-with-the-port-of-london-authority,25-Jul-16
"The Inner Dowsing, Race Bank and North Ridge Special Area of Conservation (Specified Areas) Prohibited Fishing Gears Byelaw 2022",https://www.gov.uk/government/publications/the-inner-dowsing-race-bank-and-north-ridge-special-area-of-conservation-specified-areas-prohibited-fishing-gears-byelaw-2022,13-Apr-22
2021 UK and foreign vessels landings by UK port and UK vessel landings abroad: provisional data,https://www.gov.uk/government/publications/uk-and-foreign-vessels-landings-by-uk-port-and-uk-vessel-landings-abroad-provisional-data,29-Apr-22
UK National North Sea Cod Avoidance Plan,https://www.gov.uk/government/publications/uk-national-north-sea-cod-avoidance-plan,21-Jan-25
Vessel monitoring system devices,https://www.gov.uk/government/publications/vessel-monitoring-system-devices,01-Jan-21
West of Walney Marine Conservation Zone (Specified Area) Bottom Towed Fishing Byelaw 2018,https://www.gov.uk/government/publications/west-of-walney-marine-conservation-zone-specified-area-bottom-towed-fishing-byelaw,15-Sep-20
Christmas and New Year opening schedule 2020,https://www.gov.uk/guidance/christmas-and-new-year-opening-schedule-2020,23-Dec-20
European Maritime and Fisheries Fund (EMFF): apply for funding,https://www.gov.uk/guidance/european-maritime-and-fisheries-fund-emff-apply-for-funding,14-Jan-25
How to apply for a marine licence,https://www.gov.uk/guidance/how-to-apply-for-a-marine-licence,27-Jan-25
Incineration of any substance or object,https://www.gov.uk/guidance/incineration-of-any-substance-or-object,30-May-19
Marine Planning newsletters,https://www.gov.uk/guidance/marine-planning-newsletters,04-Sep-25
Apply to generate energy offshore,https://www.gov.uk/guidance/offshore-energy-generation-consents,11-Jun-14
Quota management in the non-sector <10m and >10m pools,https://www.gov.uk/guidance/quota-management-in-the-non-sector-10m-and-10m-pools,10-Mar-21
Regional Fisheries Groups - North East 4b,https://www.gov.uk/guidance/regional-fisheries-groups-north-east-4b,19-Dec-24
Scuttling of any vessel or floating container,https://www.gov.uk/guidance/scuttling-of-any-floating-vessel-or-container,30-May-19
Wrasses complex Fisheries Management Plan (FMP) development,https://www.gov.uk/guidance/wrasse-complex-fisheries-management-plan-fmp,02-Dec-24
2022 UK and foreign vessels landings by UK port and UK vessel landings abroad: provisional data,https://www.gov.uk/government/publications/2022-uk-and-foreign-vessels-landings-by-uk-port-and-uk-vessel-landings-abroad-provisional-data,27-Jan-23
2023 UK and foreign vessels landings by UK port and UK vessel landings abroad: provisional data,https://www.gov.uk/government/publications/2023-uk-and-foreign-vessels-landings-by-uk-port-and-uk-vessel-landings-abroad-provisional-data,08-Oct-24
Corrections - UK and foreign vessels landings by UK port and UK vessel landings abroad: Provisional data Jan – Aug 2024,https://www.gov.uk/government/publications/2024-uk-and-foreign-vessels-landings-by-uk-port-and-uk-vessel-landings-abroad-provisional-data,25-Oct-24
A guide to current financial and welfare support for the fishing industry during Covid-19,https://www.gov.uk/government/publications/a-guide-to-current-financial-and-welfare-support-for-the-fishing-industry-during-covid-19,09-Mar-21
Bluefin Tuna Catch & Release Recreational Fishery (CRRF) - Guidance,https://www.gov.uk/government/publications/bluefin-tuna-catch-release-recreational-fishery-crrf-guidance,04-Sep-25
Coffin requirements for burial at sea,https://www.gov.uk/government/publications/burial-at-sea-further-information,28-Feb-24
Calculate your fisheries catch limits,https://www.gov.uk/government/publications/calculate-your-fisheries-catch-limits,26-Feb-24
Defra privacy notice: National Fraud Initiative,https://www.gov.uk/government/publications/defra-privacy-notice-national-fraud-initiative,22-Aug-24
East marine plan areas map,https://www.gov.uk/government/publications/east-marine-plan-areas-map,23-Jan-24
East marine plan areas: Statement of Public Participation,https://www.gov.uk/government/publications/east-marine-plan-areas-statement-of-public-participation,11-Jun-14
Engine power monitoring and testing,https://www.gov.uk/government/publications/engine-power-monitoring-and-testing,12-Mar-20
Fish Producer Organisation (PO) production and marketing plan,https://www.gov.uk/government/publications/fish-producer-organisation-po-production-and-marketing-plan,03-Sep-25
Fisheries in European marine sites: Matrix,https://www.gov.uk/government/publications/fisheries-in-european-marine-sites-matrix,11-Jun-14
Fishing offences: Fishing licence points system,https://www.gov.uk/government/publications/fishing-offences-fishing-licence-points-system,05-Jan-21
Fishing vessel inspections,https://www.gov.uk/government/publications/fishing-vessel-inspections,05-Jan-21
"Haisborough, Hammond and Winterton European Marine Site (Specified Areas) Bottom Towed Fishing Gear Byelaw",https://www.gov.uk/government/publications/haisborough-hammond-and-winterton-european-marine-site-specified-areas-bottom-towed-fishing-gear-byelaw,11-Jun-14
Land's End and Cape Bank European Marine Site (Specified Areas) Bottom Towed Gear Byelaw,https://www.gov.uk/government/publications/lands-end-and-cape-bank-european-marine-site-specified-areas-bottom-towed-gear-byelaw,11-Jun-14
Marine pioneer,https://www.gov.uk/government/publications/marine-pioneer,17-Jan-19
Marine Planning Monitoring Surveys 2023 Summary,https://www.gov.uk/government/publications/marine-planning-monitoring-surveys-2023-summary,16-Feb-24
Marine Pollution Contingency Plan,https://www.gov.uk/government/publications/marine-pollution-contingency-plan,27-Sep-23
Pollack Compensation Scheme,https://www.gov.uk/government/publications/pollack-compensation-scheme,12-Apr-24
An approach to seascape sensitivity assessment (MMO1204),https://www.gov.uk/government/publications/seascapes-methodology-mmo1204,15-Jul-20
South Devon trawling and crabbing chart 2024,https://www.gov.uk/government/publications/south-devon-trawling-and-crabbing-chart-2014,14-Feb-25
Start Point to Plymouth Sound and Eddystone European Marine Site (Specified Areas) Bottom Towed Gear Byelaw,https://www.gov.uk/government/publications/start-point-to-plymouth-sound-and-eddystone-european-marine-site-specified-areas-bottom-towed-gear-byelaw,11-Jun-14
"Statement of public participation - north east, north west, south east and south west",https://www.gov.uk/government/publications/statement-of-public-participation-north-east-north-west-south-east-and-south-west,18-Jul-16
Seabream Fisheries Management Plan (FMP) development,https://www.gov.uk/guidance/black-seabream-fisheries-management-plan-fmp,02-Dec-24
European Maritime and Fisheries Fund (EMFF): before you apply,https://www.gov.uk/guidance/european-maritime-and-fisheries-fund-emff-before-you-apply,11-Mar-25
Harbour Reorganisation Schemes (HRS),https://www.gov.uk/guidance/harbour-reorganisation-schemes-hrs,16-Dec-21
Leasing extra quota,https://www.gov.uk/guidance/leasing-extra-quota,07-May-21
Maritime and Fisheries Fund (MFF): successful applicants,https://www.gov.uk/guidance/maritime-and-fisheries-fund-mff-successful-applicants,11-Dec-23
Regional Fisheries Groups – North West 7a,https://www.gov.uk/guidance/regional-fisheries-groups-north-west-7a,29-Apr-25
Sea Views Magazine,https://www.gov.uk/guidance/sea-views-magazine,18-Jan-23
Temporary fish exports guidance,https://www.gov.uk/guidance/temporary-fish-exports-guidance,05-Nov-25
Marine Licences – Teesside,https://www.gov.uk/government/publications/marine-licences-teesside,18-Apr-23
Marine Licensing Monitoring Policy,https://www.gov.uk/government/publications/marine-licensing-monitoring-policy,03-May-19
Quota Leasing Scheme - January 2024,https://www.gov.uk/government/publications/quota-leasing-scheme,11-Jan-24
RFG Newsletters Summer 2023,https://www.gov.uk/government/publications/rfg-newsletters-summer-2023,30-Jun-23
Points for Masters,https://www.gov.uk/government/publications/points-for-masters,10-May-24
Revised statements of public participation - South West,https://www.gov.uk/government/publications/revised-statements-of-public-participation-south-west,10-Jan-20
RFG Newsletters Winter 2024,https://www.gov.uk/government/publications/rfg-newsletters-winter-2024,09-Feb-24
European Maritime and Fisheries Fund (EMFF): UK Managing Authority (UKMA),https://www.gov.uk/guidance/european-maritime-and-fisheries-fund-emff-uk-managing-authority-ukma,21-Sep-23
January 2024 Catch Limit Review,https://www.gov.uk/government/publications/january-2024-catch-limit-review,27-Dec-23
Single area licensing rules,https://www.gov.uk/government/publications/single-area-licencing-rules,24-Sep-21
Stage 3 MPAs Independent Scientific Panel Review Report,https://www.gov.uk/government/publications/stage-3-mpas-independent-scientific-panel-review-report,09-Jun-25
Domestic Seafood Supply Scheme (DSSS): how to apply for project funding,https://www.gov.uk/guidance/domestic-seafood-supply-scheme-dsss-how-to-apply-for-project-funding,12-Jun-20
"Video help files for fish export service, catch certificates and processing statements",https://www.gov.uk/guidance/video-help-files-for-fish-export-service-catch-certificates-and-processing-statements,06-Dec-21
Delay to Sea Fisheries Statistics 2023,https://www.gov.uk/government/publications/delay-to-sea-fisheries-statistics-2023,08-Oct-24
Southern North Sea demersal non-quota species Fisheries Management Plan (FMP) development,https://www.gov.uk/government/publications/southern-north-sea-non-quota-species-fisheries-management-plan,01-May-24
Technical Conservation 2019 - Rules and regulations,https://www.gov.uk/government/publications/technical-conservation-2019-rules-and-regulations,13-Aug-19
Apply to the Seafood Disruption Support Scheme,https://www.gov.uk/guidance/apply-to-the-seafood-disruption-support-scheme,01-Mar-21
Marine planning - statement of public participation,https://www.gov.uk/government/publications/marine-planning-statement-of-public-participation,15-Jan-24
Draft South Marine Plan,https://www.gov.uk/government/publications/draft-south-marine-plan,16-Nov-16
Seafood Disruption Support Scheme,https://www.gov.uk/guidance/seafood-disruption-support-scheme,16-Feb-21
2021 - I-VMS type approval programme (archived),https://www.gov.uk/guidance/i-vms-type-approval-programme,22-Aug-23
One stop shop for vessel monitoring systems for under-12m vessels.,https://www.gov.uk/guidance/one-stop-shop-for-vessel-monitoring-systems-for-under-12m-vessels,06-Jul-21
European Maritime and Fisheries Fund (EMFF): successful applicants,https://www.gov.uk/guidance/european-maritime-and-fisheries-fund-emff-successful-applicants,04-Feb-25
Guidance on England’s Demersal Reserve Quota allocation for 2020,https://www.gov.uk/government/publications/guidance-on-englands-demersal-reserve-quota-allocation-for-2020,12-May-20
Issues with Supporting Evidence’ final report,https://www.gov.uk/government/publications/issues-with-supporting-evidence-final-report,09-Apr-25
Marine protected areas - Stage 3 impacts evidence,https://www.gov.uk/government/publications/marine-protected-areas-stage-3-impacts-evidence,14-Aug-23
Bass industry guidance 2021,https://www.gov.uk/government/publications/bass-industry-guidance-2021,28-Oct-21
Bluefin (BFT) by-catch rules within the commercial fishery,https://www.gov.uk/guidance/bluefin-bft-by-catch-rules-within-the-commercial-fishery,28-Mar-24
England’s Demersal Reserve Quota allocation for 2019,https://www.gov.uk/government/publications/englands-demersal-reserve-quota-allocation-for-2019,04-Nov-19
Social baseline data for Marine Planning (MMO1132),https://www.gov.uk/government/publications/social-baseline-data-for-marine-planning-mmo1132,05-Nov-19
Revised statements of public participation - South East,https://www.gov.uk/government/publications/revised-statements-of-public-participation-south-east,10-Jan-20
Quota Leasing Scheme,https://www.gov.uk/guidance/quota-leasing-scheme,27-Jan-25
Harbour Revision Orders (HROs) (works),https://www.gov.uk/guidance/harbour-revision-orders-hros-works,16-Dec-21
Queen scallop seasonal closure,https://www.gov.uk/government/publications/queen-scallop-seasonal-closure,06-Apr-18
Cuttlefish Fishery Action Plan,https://www.gov.uk/guidance/cuttlefish-fishery-action-plan,10-Apr-25
"Inner Dowsing, Race Bank and North Ridge European Marine Site (Specified Areas) Bottom Towed Fishing Gear Byelaw",https://www.gov.uk/government/publications/inner-dowsing-race-bank-and-north-ridge-european-marine-site-specified-areas-bottom-towed-fishing-gear-byelaw,11-Jun-14
Delegation of functions relating to marine plans,https://www.gov.uk/government/publications/delegation-of-functions-relating-to-marine-plans,11-Jun-14
East marine plans: decision makers' workshops,https://www.gov.uk/government/publications/east-marine-plans-decision-makers-workshops,11-Jun-14
South marine plan areas map,https://www.gov.uk/government/publications/south-marine-plan-areas-map,11-Jun-14
South marine plan areas: Statement of Public Participation,https://www.gov.uk/government/publications/south-marine-plan-areas-statement-of-public-participation,04-Feb-15
Seasonal closures 2014,https://www.gov.uk/government/publications/closed-fishing-areas-in-english-waters-seasonal-closures-2014,11-Jun-14
Marine protected areas: strategic management table,https://www.gov.uk/government/publications/marine-protected-areas-strategic-management-table,05-Apr-16
Electronic Recording System user manual,https://www.gov.uk/government/publications/electronic-recording-system-user-manual,09-Feb-18
Developing the East Inshore and East Offshore marine plan areas,https://www.gov.uk/guidance/east-inshore-and-east-offshore-marine-plan-areas,09-Mar-15
Lyme Bay Designated Area,https://www.gov.uk/government/publications/lyme-bay-designated-area,12-Aug-14
Real Time Closure (RTC) in the Skagerrak,https://www.gov.uk/government/publications/real-time-closure-rtc-in-the-skagerrak,24-Feb-15
Real Time Closure (RTC) in the Skaggerak 22/11 - 12/12/14.,https://www.gov.uk/government/publications/real-time-closure-rtc-in-the-skaggerak-2211-121214,24-Nov-14
RFG Newsletters Autumn 2023,https://www.gov.uk/government/publications/rfg-newsletters-winter-2023,01-Dec-23
Real Time Closure (RTC) in the Norwegian Economic Zone,https://www.gov.uk/government/publications/real-time-closure-rtc-in-the-norwegian-economic-zone,14-May-15
North sea Fully Documented Fishery (FDF) scheme 2017,https://www.gov.uk/government/publications/catch-quota-trial-scheme-application-forms-terms-and-conditions,07-Apr-17
How to export wild caught marine fishery products to the EU from 01 January 2021,https://www.gov.uk/government/publications/how-to-export-wild-caught-marine-fishery-products-to-the-eu-from-01-january-2021,21-May-21
Applying to be a fish Producer Organisation (PO),https://www.gov.uk/government/publications/applying-to-be-a-fish-producer-organisation-po,03-Sep-25
Quota Leasing Scheme - April 2024,https://www.gov.uk/guidance/quota-leasing-scheme-april-2024,04-Apr-24
Bass industry guidance 2019,https://www.gov.uk/government/publications/bass-industry-guidance-2019,07-Sep-20
Precautionary area at Koralbanken (19 June to 3 July 2015),https://www.gov.uk/government/publications/precautionary-area-at-koralbanken-19-june-to-3-july-2015,22-Jun-15
"Marine Planning: Iteration 3 engagement for the north east, north west, south east and south west marine plan areas",https://www.gov.uk/government/publications/marine-planning-iteration-3-engagement-for-the-north-east-north-west-south-east-and-south-west-marine-plan-areas,03-Sep-20
Non-licensable Activity Impacts on Marine Protected Areas (MMO1136),https://www.gov.uk/government/publications/non-licensable-activity-impacts-on-marine-protected-areas-mmo1136,10-Dec-19
Fishing quota trading and swaps,https://www.gov.uk/government/publications/fishing-quota-trading-and-swaps,14-Feb-25
Marine Planning Monitoring Surveys 2025 Summary,https://www.gov.uk/government/publications/marine-planning-monitoring-surveys-2025-summary,31-Jul-25
Contact the marine licensing team,https://www.gov.uk/guidance/contact-the-marine-licensing-team,28-Nov-24
Have Your Say On Proposed Brown Crab Conservation Measures in the South West,https://www.gov.uk/government/publications/have-your-say-on-proposed-brown-crab-conservation-measures-in-the-south-west,28-Aug-25
"Marine planning: second outputs for north east, north west, south east and south west marine plan areas  Marine planning engagement events",https://www.gov.uk/government/publications/marine-planning-second-outputs-for-north-east-north-west-south-east-and-south-west-marine-plan-areas-marine-planning-engagement-events,04-Sep-20
Planning Newsletter: Summer 2018,https://www.gov.uk/government/publications/planning-newsletter-summer-2018--2,10-Jan-20
Southern North Sea and English Channel Skates and Rays Fisheries Management Plan (FMP) development,https://www.gov.uk/guidance/southern-north-sea-and-english-channel-skates-and-rays-fisheries-management-plan,18-Jul-24
Catching or landing of berried lobsters and crawfish in England,https://www.gov.uk/government/publications/catching-or-landing-of-berried-lobsters-and-crawfish-in-england,06-Dec-17
Marine Planning Monitoring Surveys 2022 Summary,https://www.gov.uk/government/publications/marine-planning-monitoring-surveys-2022-summary,16-Feb-24
Harbour Empowerment Orders  (HEO) (non-works),https://www.gov.uk/guidance/harbour-empowerment-orders-non-works,16-Dec-21
Fisheries management team service standards,https://www.gov.uk/government/publications/fisheries-management-team-service-standards,11-Feb-19
Maritime and Fisheries Fund (MFF): before you apply,https://www.gov.uk/guidance/maritime-and-fisheries-fund-mff-before-you-apply,22-Feb-21
Revised statements of public participation - North West,https://www.gov.uk/government/publications/revised-statements-of-public-participation-north-west,10-Jan-20
Validating the method of fish capture - Metabolomics (MMO1164),https://www.gov.uk/government/publications/validating-the-method-of-fish-capture-metabolomics-mmo1164,12-Feb-20
UK Spurdog guidance,https://www.gov.uk/government/publications/uk-spurdog-guidance,27-Mar-23
Revised statements of public participation - North East,https://www.gov.uk/government/publications/revised-statements-of-public-participation-north-east,10-Jan-20
Delegated Marine Enforcement powers for Inshore Fisheries and Conservation Officers,https://www.gov.uk/government/publications/delegated-marine-enforcement-officer-powers-for-inshore-fisheries-conservation-officers,10-Mar-20
Harbour Order Statement in Support Templates,https://www.gov.uk/guidance/harbour-order-statement-in-support-templates,28-Jul-20
The South Dorset Marine Conservation Zone (Specified Area) Bottom Towed Fishing Gear Byelaw 2022,https://www.gov.uk/government/publications/the-south-dorset-marine-conservation-zone-specified-area-bottom-towed-fishing-gear-byelaw-2022,13-Apr-22
North Sea Fully Documented Fishery (FDF) scheme,https://www.gov.uk/government/publications/north-sea-fully-documented-fishery-fdf-and-north-sea-nephrops-schemes,07-Sep-20
Notification of change to licence conditions for 10m and under,https://www.gov.uk/government/publications/notification-of-change-to-licence-conditions-for-10m-and-under,21-Dec-17
Removal of dead or stranded animals below the high water mark,https://www.gov.uk/government/publications/removal-of-dead-or-stranded-animals-below-the-high-water-mark,30-Nov-15
Marine licensing team service standards,https://www.gov.uk/guidance/marine-licensing-team-service-standards,19-Dec-18
UK Sea Fisheries Statistics: temporary suspension of the accredited official statistics designation,https://www.gov.uk/government/publications/uk-sea-fisheries-statistics-temporary-suspension-of-the-accredited-official-statistics-designation,03-Dec-24
Fisheries quota allocation 2018,https://www.gov.uk/government/publications/fisheries-quota-allocation-2018,12-Jun-18
Harbour Order Fees,https://www.gov.uk/government/publications/harbour-order-fees,10-Aug-22
Fisheries quota allocation 2015,https://www.gov.uk/government/publications/fisheries-quota-allocation-2015,14-May-15
"Marine planning: first outputs for north east, north west, south east and south west marine plan areas",https://www.gov.uk/government/publications/marine-planning-first-outputs-for-north-east-north-west-south-east-and-south-west-marine-plan-areas,14-Aug-17
Regional Fisheries Groups - South East 4c,https://www.gov.uk/guidance/regional-fisheries-groups-south-east-4c,27-Nov-23
Validating the Origin of Capture of fish {MMO1167} {MMO1191} {MMO1192} (MMO1193} {MMO1194},https://www.gov.uk/government/publications/origin-of-capture-of-fish-investigating-the-use-of-genetic-testing-mmo1167-mmo1191-mmo1192-mmo1193-mmo1194,06-Mar-20
Mapping Sea Angling (MMO1163),https://www.gov.uk/government/publications/mapping-sea-angling-mmo1163,25-Aug-20
Marine Plan - user guide,https://www.gov.uk/government/publications/marine-plan-user-guide,27-Oct-15
Harbour Empowerment Orders (HEO) (works),https://www.gov.uk/guidance/harbour-empowerment-orders-heo-works,16-Dec-21
Recreational feedback on Channel Demersal Non-quota species FMP,https://www.gov.uk/government/publications/recreational-feedback-on-channel-demersal-non-quota-species-fmp,23-Sep-22
Landing Obligation - General requirements 2018,https://www.gov.uk/government/publications/landing-obligation-general-requirements-2018,16-Mar-18
Pelagic landing obligation 2016: Guidance,https://www.gov.uk/government/publications/pelagic-landing-obligation,31-Jan-17
"Guidance for ports, markets, agents and other businesses",https://www.gov.uk/government/publications/guidance-for-ports-markets-agents-and-other-businesses,17-Dec-15
Bass industry guidance 2022,https://www.gov.uk/government/publications/bass-industry-guidance-2022,19-May-22
Working with the cruise sector to protect our seas,https://www.gov.uk/government/publications/working-with-the-cruise-sector-to-protect-our-seas,08-Jun-21
Demersal landing obligation 2018: Guidance,https://www.gov.uk/government/publications/demersal-landing-obligation-2018-guidance,07-Dec-17
Fish Producer Organisation (PO) compliance guidance,https://www.gov.uk/government/publications/updated-fish-producer-organisation-po-compliance-checks,07-Apr-21
Fisheries quota allocation 2019,https://www.gov.uk/government/publications/fisheries-quota-allocation-2019,16-Apr-19
Accessibility statement for Explore Marine Plans,https://www.gov.uk/guidance/accessibility-statement-for-explore-marine-plans,01-Mar-21
Contact the marine planning team at the MMO,https://www.gov.uk/government/publications/contact-the-marine-planning-team-at-the-mmo,29-Aug-25
